{"farClipRatio":20.0,"fov":45.0,"nearClipRatio":3.69460140063893e-05,"projectionMode":"Perspective","viewMat":[0.410720556974411,0.911762654781342,0.00117346784099936,-1.07813405990601,-0.101339481770992,0.0443708933889866,0.993853688240051,0.0583438277244568,0.906117737293243,-0.408317536115646,0.110620878636837,-2.47971177101135,0.0,0.0,0.0,1.0],"windowHeight":1672,"windowWidth":2740}
0.01
2
