{"farClipRatio":20.0,"fov":45.0,"nearClipRatio":0.005,"projectionMode":"Perspective","viewMat":[0.867282450199127,-3.72529029846191e-09,0.497818470001221,0.0355660617351532,0.289933085441589,0.812898933887482,-0.505111753940582,-0.198937729001045,-0.404675990343094,0.582407712936401,0.70501309633255,-3.30019783973694,0.0,0.0,0.0,1.0],"windowHeight":1016,"windowWidth":1850}