{"farClipRatio":20.0,"fov":45.0,"nearClipRatio":0.005,"projectionMode":"Perspective","viewMat":[-0.49403041601181,0.286271154880524,-0.820968925952911,-0.106583893299103,-0.0790253132581711,0.925551533699036,0.370294064283371,0.0189961344003677,0.865853190422058,0.247812315821648,-0.434629112482071,-3.68730330467224,0.0,0.0,0.0,1.0],"windowHeight":1016,"windowWidth":1850}