{"farClipRatio":20.0,"fov":45.0,"nearClipRatio":0.005,"projectionMode":"Perspective","viewMat":[0.671854138374329,0.71119886636734,-0.206909507513046,0.0925490483641624,-0.375375956296921,0.567754626274109,0.73263418674469,-0.199679315090179,0.638521909713745,-0.414552837610245,0.648414611816406,-4.21345615386963,0.0,0.0,0.0,1.0],"windowHeight":1016,"windowWidth":1850}