{"farClipRatio":20.0,"fov":45.0,"nearClipRatio":0.005,"projectionMode":"Perspective","viewMat":[0.0373517945408821,-0.999258279800415,0.00930905994027853,16.3461952209473,0.408191919326782,0.0237602051347494,0.91258704662323,-19.4797840118408,-0.912131428718567,-0.0302867069840431,0.40877702832222,-44.2616348266602,0.0,0.0,0.0,1.0],"windowHeight":1672,"windowWidth":2740}
0.0391379
2
