{"farClipRatio":20.0,"fov":45.0,"nearClipRatio":0.005,"projectionMode":"Perspective","viewMat":[0.760296583175659,-2.6775524020195e-09,0.649576365947723,0.0176281649619341,0.0940570533275604,0.989463269710541,-0.110089540481567,-0.20679047703743,-0.642731547355652,0.144797623157501,0.752286314964294,-3.45234847068787,0.0,0.0,0.0,1.0],"windowHeight":1016,"windowWidth":1850}