{"farClipRatio":20.0,"fov":45.0,"nearClipRatio":0.005,"projectionMode":"Perspective","viewMat":[0.758890569210052,-5.47152012586594e-09,0.651218771934509,0.0150454957038164,0.307494252920151,0.881502211093903,-0.358335494995117,-0.00827461201697588,-0.574050426483154,0.472183167934418,0.668964207172394,-3.4999303817749,0.0,0.0,0.0,1.0],"windowHeight":1016,"windowWidth":1850}