{"farClipRatio":20.0,"fov":45.0,"nearClipRatio":0.005,"projectionMode":"Perspective","viewMat":[-0.945154905319214,0.326622366905212,0.0,0.173828884959221,-0.0959711819887161,-0.27771407365799,0.955857872962952,0.0304763168096542,0.312204569578171,0.903433799743652,0.293829172849655,-0.798976361751556,0.0,0.0,0.0,1.0],"windowHeight":1672,"windowWidth":2740}
0.000554102
2