{"farClipRatio":20.0,"fov":45.0,"nearClipRatio":0.005,"projectionMode":"Perspective","viewMat":[-0.763806104660034,0.645446121692657,5.95208824449855e-08,0.17254051566124,-0.177855715155602,-0.210470333695412,0.961285829544067,0.178346425294876,0.620457828044891,0.734235823154449,0.275554686784744,-1.20665884017944,0.0,0.0,0.0,1.0],"windowHeight":1016,"windowWidth":1850}
0.00265572
2
