{"farClipRatio":20.0,"fov":45.0,"nearClipRatio":0.005,"projectionMode":"Perspective","viewMat":[-0.0191291011869907,0.198934212327003,0.979827225208282,-0.0121748019009829,0.992397427558899,-0.115410096943378,0.0428057871758938,-0.051383413374424,0.121596843004227,0.973196685314178,-0.195213675498962,-3.05277800559998,0.0,0.0,0.0,1.0],"windowHeight":1016,"windowWidth":1850}