{"farClipRatio":20.0,"fov":45.0,"nearClipRatio":0.005,"projectionMode":"Perspective","viewMat":[0.976025640964508,0.217144787311554,0.0148459477350116,0.553675353527069,-0.0847610533237457,0.316387683153152,0.944835603237152,-19.3871173858643,0.200469329953194,-0.923442423343658,0.327208071947098,-50.4989395141602,0.0,0.0,0.0,1.0],"windowHeight":1672,"windowWidth":2740}
0.02
2
