{"farClipRatio":20.0,"fov":45.0,"nearClipRatio":0.005,"projectionMode":"Perspective","viewMat":[0.759603381156921,0.650387406349182,5.7299576639025e-08,0.162501111626625,-0.268071264028549,0.313086479902267,0.911106944084167,-0.017488956451416,0.59257310628891,-0.692080080509186,0.41217166185379,-3.78611826896667,0.0,0.0,0.0,1.0],"windowHeight":1016,"windowWidth":1850}
