{"farClipRatio":20.0,"fov":45.0,"nearClipRatio":0.005,"projectionMode":"Perspective","viewMat":[0.891709566116333,0.451337695121765,0.0338753089308739,-93.6881942749023,-0.4466552734375,0.889614999294281,-0.0953277945518494,-5.41101408004761,-0.0731615275144577,0.0698743388056755,0.994870066642761,-8.66980838775635,0.0,0.0,0.0,1.0],"windowHeight":1672,"windowWidth":2740}
0.00265572
2
