{"farClipRatio":20.0,"fov":45.0,"nearClipRatio":0.005,"projectionMode":"Perspective","viewMat":[-0.556958615779877,0.816392421722412,0.152638822793961,0.0249919295310974,-0.828109622001648,-0.559918522834778,-0.0269172415137291,121.584625244141,0.0634903013706207,-0.141393512487411,0.987915694713593,-6.60841608047485,0.0,0.0,0.0,1.0],"windowHeight":1672,"windowWidth":2740}
0.00568892
2
