{"farClipRatio":20.0,"fov":45.0,"nearClipRatio":0.005,"projectionMode":"Perspective","viewMat":[-0.780294954776764,0.625413715839386,5.91204702971027e-08,0.150071501731873,-0.105149604380131,-0.13118951022625,0.985765993595123,0.5556720495224,0.616512477397919,0.769187390804291,0.168127834796906,-0.167308703064919,0.0,0.0,0.0,1.0],"windowHeight":1016,"windowWidth":1850}