{"farClipRatio":20.0,"fov":45.0,"nearClipRatio":0.005,"projectionMode":"Perspective","viewMat":[-0.858806908130646,0.198934555053711,0.472101718187332,0.166488468647003,-0.145592153072357,-0.978307127952576,0.147389799356461,-0.221609249711037,0.49118047952652,0.0578455626964569,0.869139790534973,-3.85175633430481,0.0,0.0,0.0,1.0],"windowHeight":1016,"windowWidth":1850}