{"farClipRatio":20.0,"fov":45.0,"nearClipRatio":0.005,"projectionMode":"Perspective","viewMat":[-0.842646479606628,-6.05359673500061e-09,0.538468778133392,0.015468561090529,-0.109658807516098,0.979045391082764,-0.171605452895164,-0.0735226646065712,-0.5271857380867,-0.203651174902916,-0.824988126754761,-3.59261870384216,0.0,0.0,0.0,1.0],"windowHeight":1016,"windowWidth":1850}