{"farClipRatio":20.0,"fov":45.0,"nearClipRatio":0.005,"projectionMode":"Perspective","viewMat":[-0.96896231174469,0.246853888034821,0.0130196139216423,1.55162000656128,-0.0469860471785069,-0.235627084970474,0.970703184604645,-1.15972363948822,0.242691025137901,0.939964175224304,0.239912837743759,1.4640781879425,0.0,0.0,0.0,1.0],"windowHeight":1672,"windowWidth":2740}
0.01
2
