{"farClipRatio":20.0,"fov":45.0,"nearClipRatio":0.005,"projectionMode":"Perspective","viewMat":[-0.72660231590271,0.687057554721832,5.49400908766984e-07,0.093951903283596,-0.179281920194626,-0.189600095152855,0.965355396270752,0.538091003894806,0.663256347179413,0.701428413391113,0.260940909385681,-1.03560853004456,0.0,0.0,0.0,1.0],"windowHeight":1016,"windowWidth":1850}