{"farClipRatio":20.0,"fov":45.0,"nearClipRatio":0.005,"projectionMode":"Perspective","viewMat":[0.845798790454865,-0.141866847872734,0.514298021793365,-0.00836864113807678,-0.172984182834625,-0.984842658042908,0.0128184193745255,-0.377359956502914,0.504685342311859,-0.0998073592782021,-0.857518911361694,-3.96432256698608,0.0,0.0,0.0,1.0],"windowHeight":1016,"windowWidth":1850}
