{"farClipRatio":20.0,"fov":45.0,"nearClipRatio":0.005,"projectionMode":"Perspective","viewMat":[-0.771437764167786,-5.70435076951981e-09,0.63630610704422,0.0154073927551508,0.273628741502762,0.902817726135254,0.331737995147705,-0.0738721340894699,-0.574468493461609,0.430026054382324,-0.696467280387878,-3.59240984916687,0.0,0.0,0.0,1.0],"windowHeight":1016,"windowWidth":1850}