{"farClipRatio":20.0,"fov":45.0,"nearClipRatio":0.005,"projectionMode":"Perspective","viewMat":[0.999962627887726,0.0,0.00864852592349052,0.0,3.09276183543261e-05,0.999993681907654,-0.0035759350284934,-0.249998360872269,-0.00864847004413605,0.0035760747268796,0.999956130981445,-3.35653972625732,0.0,0.0,0.0,1.0],"windowHeight":1016,"windowWidth":1850}